employee_id,first_name,last_name,phone_number,address,email_address,position,salary
oGzvB4gARE6Hp4nHN2LwqK,Joshua,Greer,716-387-6308x5527,47458 Brown Fork,lhutchinson@harvey-horton.com,Patent examiner,13929
dR6m65qYSswzvYexWxygzB,Bradley,Hughes,951-821-4893x6399,419 Thornton Circles,nathan99@clark.com,Chartered management accountant,71325
LV4mEXPNReDnm7dfzyWpds,Douglas,Wilson,804-905-7863,876 Kaufman Land,jlong@jones.com,Theatre stage manager,62396
QTDgfMqCHXNuPLumnHKVp2,Jillian,Dougherty,(417)356-1386x444,39892 Bob Place,karen33@ramos.biz,Air broker,20777
EPG6mzus4VpprZs48C893W,Christian,Contreras,001-506-234-8588x0830,2503 Kevin Dam,alisonbarker@ruiz.biz,Company secretary,7978
L6NkHT4E3kWuDvmgZbhg4f,Scott,Rocha,2382133307,2464 Martin Overpass,erica45@lewis.biz,Neurosurgeon,75004
WzYLiVeUwXKLb4mh6L3tph,Rachel,Lee,(283)824-0584,68575 Alyssa Wells,hrivera@bates-price.com,Astronomer,1169
7kmQW3zE2ZUoq4sSETYCKp,Brittany,Conley,(756)403-8398x46172,92478 Diaz Streets,nnelson@mckee.com,Community development worker,21207
nLHwyxpo2hoCkkK9GwqpyR,Thomas,Moreno,+1-507-548-2701x9710,51183 Logan Forks Suite 001,oliviasaunders@howard-duffy.org,Advertising art director,46497
FHtR722vHjXzQ85NuLaJc7,Tanya,Branch,754.397.5103,113 Smith Mews Suite 833,kirkalison@lloyd-huerta.biz,Quality manager,99449
dgMnpyAtUQmTPFr6BMM7Qd,Mark,Church,709.261.0699,01613 Tyler Fords Apt. 781,marialee@bowen.com,Optometrist,65264
6rVw3DUpwyuqqQDqeLBGTk,Megan,Jackson,491.216.0624x29921,511 Nicholas Village,craig37@taylor.org,"Lighting technician, broadcasting/film/video",32428
YhYf8M2zw8z8DSkPmEPZwJ,Max,Barron,668.283.1248,400 Marie Underpass Suite 057,staceypatrick@schneider-pierce.com,Higher education careers adviser,67767
Aj7AbYzqML7Cz9xy8XmvZB,Bradley,Bates,864-620-0402,7512 Jennifer Throughway,tylerhenderson@russell-banks.com,"Sales professional, IT",85905
Jdn6cEMJKgPGhE4ugua2fS,Christine,Young,563.489.8471x325,206 Jacob Wells,hjohnson@bartlett.info,Sports therapist,82451
ZG5X4CwN58wZ4vCKiQHLi7,Chris,Short,+1-612-461-2950x07779,16396 Hernandez Forest Apt. 989,williamadkins@mathis.org,Geophysicist/field seismologist,77968
ZTmtSVfWmqzT9w9p2khn7Z,Michael,Freeman,(616)766-8431x841,545 Tara Haven Apt. 861,zreyes@wilson.net,Tax adviser,54232
FDByT3zcbGP4nqwjyXhTKh,Christina,Williams,629-769-7986,50601 Arias Oval Suite 234,campbelljane@murray.com,Analytical chemist,22126
GTv4QS3BUQwZy3psKC42dE,Chad,Lambert,001-239-803-4492x601,01628 Lee Road,lori46@leon.com,Chief Marketing Officer,13198
XViPX9afDPE6r7MREGkD4G,Monica,Harris,001-956-529-4635x96130,4008 Shelley Stravenue Suite 116,kkelley@king.com,Market researcher,9180
QaaLeDoNzx2AoUVTbnmmmd,Darren,Bell,001-436-268-3985x412,0040 Jacobs Island,jonthomas@gutierrez.com,"Horticulturist, commercial",91357
JgQ6xU958PN9r8fB47pmgW,Jenny,Rowland,+1-311-685-9472x9268,80173 Ward Manor Suite 290,guerravictoria@williams-turner.com,Music therapist,62936
hsYqtXvSA9XKpHW35FPBJT,Tracy,Miles,(976)200-3023x969,181 Wilson Stream,lmolina@johnson.com,"Programme researcher, broadcasting/film/video",79070
BjZQHkR3mVS6bQvZXQxUpq,Andrew,Ramos,2442849733,9769 Taylor Pine Apt. 587,danielle98@bell.com,"Pilot, airline",3692
9FFh5bcVjrPDu7zxNmFYkJ,Darlene,Cardenas,459-708-5652,3870 Jeffrey Lock,elizabeth65@phillips.com,"Engineer, drilling",34110
DvvV5VcraPHuYHrDL2AvrE,Christopher,Barnett,(584)988-9358x4783,81567 Hall Radial,patricia05@clark.com,IT trainer,35993
j5XrjeS6MrMfn2qDTya2vq,Nicole,Smith,861-858-3693x0201,753 Cabrera Harbors,kgibson@novak-benson.com,IT sales professional,60221
WVgjHZ9X69G5J3kF75r3g6,David,Marshall,881.550.3722x251,053 Sharon Land,paul44@sharp.info,"Accountant, chartered public finance",46173
P9Nq4kJyUcPZ94yGWHCW4c,Julia,Ross,(626)715-7364x258,567 Robinson Rapid,kmiller@bailey-taylor.com,Multimedia programmer,85130
JUJkRs6MVrmFgGcAKKbNWR,Tammy,Potter,001-353-598-2863x9453,5795 Andrea Brook Suite 455,amanda01@gutierrez.com,Homeopath,82616
WXADAahkgYWKfvuRvygRyF,Tracy,Carter,+1-415-912-2221x19170,94469 Carrillo Hollow,mary84@fox.com,Arboriculturist,2012
DKz2bCUThPgGvpJ4HDE6A8,Elizabeth,Dixon,001-844-668-0270x20642,350 Hernandez Crossing Suite 821,stephen30@white.com,"Editor, commissioning",8844
monY6toDqXuqSbmueUmVXU,Jennifer,Hendricks,450-463-7509,278 Washington Way Apt. 792,larrystone@banks.biz,Public relations account executive,63469
EaDZ3JL6ot2figEMWnU5d3,Jose,Tucker,+1-844-426-0455x11048,83024 Frazier Well Apt. 507,davidquinn@campbell.com,Exhibition designer,45218
FefbLLvPizrFo6c9jrxgWT,Katherine,Mcconnell,(611)924-3351,85927 Stacey Square,william30@brown-stevens.com,"Geologist, engineering",97387
WZqVVS9vngsvpNFSxGDXRw,Anthony,Brown,7522822701,204 Cory Green Apt. 014,ashleydrake@brown-crawford.com,"Engineer, control and instrumentation",38659
KHp7doJMQkNHAZ5vz2bA9Z,Brenda,Mendez,821.937.5647,998 Brown Points,whitedeborah@barry.com,Field seismologist,79256
Kh5vHjo5xdVX72aVCSUY5h,Katherine,Sims,5206646681,828 Hines Loaf Suite 193,cody29@owens.com,Charity officer,61683
7N5p9vSWFKjgDAsjaMPKYc,Susan,Gray,833-994-5682x1862,873 Mcdonald Bridge,ramosdiane@brown.com,Camera operator,23631
59UPsmv4t9qHwEwJ9beSa2,Kelly,Garcia,(920)763-0253x7646,51018 Carter Stream Suite 920,aperez@hale-wright.com,Diplomatic Services operational officer,24993
d3LckGMCXUxN3hLA9cqJMw,Rachael,Haynes,207-600-8290x7618,383 Carmen Streets Suite 533,nicholasrichardson@vasquez.info,"Administrator, local government",85383
AAMgdMjCjUMmLYASA2xFNu,James,Norman,(372)788-1010,861 Jackson Ford,scottosborn@bell.biz,Forensic psychologist,32959
bTtFkUTwbuv5XWFSdAcgvt,Michael,Lawson,331.877.9567,541 Willis Landing Apt. 514,tiffany90@fowler-dean.net,"Conservation officer, historic buildings",97694
VftEMoYFuMyFEGH6b3fzNn,Ryan,Simon,(598)657-5874x8500,824 Casey Forks,dsmith@hodge.info,Quality manager,40313
SKqZfKpGN8tqYt29Hbo6VZ,Jason,Ford,410-538-3334x65417,03283 Christopher Knoll,oliverwendy@lopez-green.info,Housing manager/officer,46329
QRiBFpjTaLZseGGg48YprP,Mary,Becker,496.573.9217,481 Justin Pass Suite 177,kristinavaldez@schmitt.com,"Surveyor, minerals",53573
SBGkgjF6BZzJcbMMqx2dCh,Kevin,Sanders,001-737-593-2770x7025,83376 Salas Crescent,angelamoody@scott.com,Veterinary surgeon,33937
EeA4bP2JCfxAF5V6gNi54e,Joseph,Gomez,+1-204-881-3339,74166 Ruiz Key,goneal@mills-zamora.com,Teaching laboratory technician,53562
UTNcJxWzh2YgB8BAcEf4jh,Jennifer,Fitzpatrick,001-718-810-3984x96648,109 Matthew Views,gibbssara@pearson-harris.com,Market researcher,15490
ZuUbUqca5XpMumW6oLRJUN,Tonya,Thornton,420.224.0856,930 Montoya Route,lestervirginia@dudley.net,Civil Service fast streamer,53509
8cFLnjM72pavbPmsRLLXQT,Sarah,Padilla,814-389-8196,022 Stephanie Unions Apt. 459,etownsend@bailey.biz,Ambulance person,76116
NFiZxMMRaR3BZbXorJmeQ3,Amy,Campbell,+1-413-856-7849x94606,579 Webb Mission Suite 236,martinezadrienne@sims.com,Geoscientist,27287
hMUBX7KgVumHWPoPPXmFCY,Samantha,Clark,001-930-979-7918,1611 Gordon Rue,bryan40@elliott.com,Records manager,28829
RqR55Tz8nAVi7PrzfHwh2H,Mark,Espinoza,878.289.3493,5200 Jared Fall,robert23@matthews.com,Cabin crew,13913
ky9nca6kWypjXRauM9x8ok,Michael,Henderson,(261)656-9691x6561,080 Hensley Squares Suite 132,georgegarcia@avery.com,Theme park manager,31543
VbKtBhK62GmDZ5o6oeKSCN,Debbie,Rogers,575.880.1845x6568,3281 Stephen Point Suite 807,mejiajoel@rodriguez-murphy.com,Media planner,92894
UcU4gjhUSMoALQgJHcGEGo,David,Boyd,604-333-3487x20093,9060 Hines Walks Suite 050,anna08@jones-hill.com,Diagnostic radiographer,99215
byAxAyU5dUHuvg2LqaW2Fx,Brenda,Lee,001-377-654-2584x4788,738 Johnson Curve Apt. 604,diazjulia@marquez.org,"Engineer, materials",13179
Vf3YKL5Gmwt7d5x8ZTUMtj,Diane,Hoover,(875)685-4391x09151,75361 Shawn Fords Suite 203,megan82@sellers.org,Forest/woodland manager,80683
VyQLUJJR5waZZkiZaiCsqi,Miranda,Sanchez,696-275-2229x5860,96435 Nathaniel Roads,barbaracooper@zuniga.com,Microbiologist,29226
oRR8niufwWfthdHzAuq7dd,Kyle,Wilson,+1-552-829-8103x47905,98043 Sarah Pike Apt. 023,smithmark@young.biz,Landscape architect,74114
ZeUS59tLmsfSiNY2ZJfuX3,Kathy,Thompson,310.407.2042x678,24993 Sheila Village Suite 190,robertjackson@thornton.com,Tree surgeon,44270
HyEyaR8JUCnZ4udeCPVQNY,Edward,Howard,+1-217-966-4977,4471 Taylor Track Apt. 709,seanjackson@walls-baldwin.com,"Doctor, hospital",34019
JnpAuyEyhByjG2aBUCGBuM,Paul,Scott,001-367-417-8405x01549,9877 Natasha Squares Apt. 806,diane74@rogers.com,Podiatrist,58206
PpdKhhehcBi79s4priBBPr,Colleen,Wells,852.288.5781x847,20568 Henderson Common Suite 794,iherrera@bowman-werner.com,"Designer, blown glass/stained glass",40835
fiZjJhrRR77z5skQPmLjWM,Emma,Mason,309-528-1689x9969,3903 Hurley Lane,wilsonkeith@colon.org,Trading standards officer,7588
GjsZ3JxYVqGYzCdCGoX3Ji,Michael,Dominguez,+1-473-533-8587x494,0677 Durham Lakes,carolyn59@howell.com,"Horticulturist, commercial",3975
cNMraun6SxRMY2yDnwpMae,Beth,Miller,001-643-450-5152,8323 Lee Harbors,jlopez@pacheco.info,Brewing technologist,16406
K8jmS2pegvLu9V3Y4QrgFZ,Ebony,Evans,686-505-6880,61191 Peter Tunnel,karamartinez@hernandez-robertson.com,Software engineer,82578
WaY8crsiikGEAtdZ7RHtkk,Tracy,Potts,001-627-930-6416x0490,9751 Boone Way,ebrown@evans.com,Systems developer,96563
9RyFAHY9VaBJx4YdWAjavS,Adrienne,Price,(554)635-9763x78053,97575 Stout Hollow,jamesnathan@schultz.com,"Engineer, aeronautical",82411
SGdT2u4ZKpg7kU5uJEqHy8,Kelly,Hoffman,(394)688-3959x7954,1307 Smith Trail,amandafuentes@munoz-duran.info,"Research officer, government",82297
QVvWu2JHTLcjfphnoCeA7q,Kelsey,Shaw,830.351.6686,5184 Porter Springs Suite 867,lawsonjames@rosales-hamilton.com,Building services engineer,35084
PhbBPDDv4DFTbDXJ2yzZhu,Katie,Crosby,001-474-302-8060x2074,739 Lee Meadow Suite 729,xhayes@brown.com,Investment analyst,97649
hAhqHDWnkhf5P5WcUx3AKy,Lance,Nguyen,253.317.6633x6758,2204 Daisy Mission,jamie22@bullock.com,Trade mark attorney,91462
AMP6yvCpqpYqZ9oJVdraB8,Rodney,Thompson,001-654-235-0332x773,942 Brown Circles Suite 046,piercejason@smith-smith.com,Veterinary surgeon,25123
4xDDNeWTBymVKQUtzVx9av,Shawn,Arroyo,716-516-1727,60229 Jessica Trafficway,jason00@perez-caldwell.com,Herpetologist,39049
c6869pVKA58S9F67Pbgjxp,Michael,Warren,526-856-5982x5048,2820 Allen Plaza,rachel97@george-wheeler.com,Special effects artist,49849
Y2Q4MdZwk64ececjgMcLiW,Andrew,Byrd,435.888.7745,7206 French Grove,lisa01@perry.biz,Visual merchandiser,30225
SnZtsgr7NAro9RuE6oyJpj,Samantha,Brown,(247)958-5317x8980,9313 Miller View,sanchezcharlotte@coleman.net,Radio producer,78053
7cvywnHmZ7CZmnaWJL9jsQ,Kelly,Mathis,001-595-412-9631x4251,11002 Vincent Underpass Suite 433,howardbrianna@welch.com,Event organiser,59102
7ga36tUzFUrVqXRjocNJNb,Ana,Sherman,779.727.8733x74293,7739 Chambers Plains,tuckeramy@hubbard-elliott.info,Pathologist,94923
94PCJ29JPDbCSK9vK9jTYV,Lori,Campbell,+1-804-506-6981x799,87035 Gutierrez Street Apt. 406,hensonmary@russell-baker.com,Chartered certified accountant,66354
Ks5VhdbrytstAqucHSDeTc,Frank,Villarreal,001-295-466-8538,7140 Faulkner Wells,derek71@bradley.com,Orthoptist,55488
S3t2SvxPnERDntzAYPTqR3,Briana,Pugh,001-404-214-8062,62680 Velazquez Landing,joseph32@figueroa.com,"Engineer, materials",53580
FK4ZNhLjFfs5NVnhNGRK7K,Paul,Ramirez,001-439-411-9589x418,300 Patrick Land Suite 468,erikhogan@smith.com,Physiotherapist,38321
KBf77de7oVcqfJwbR8T5Qf,Monique,Andrade,(524)550-9902x7365,8463 Christy Track,hendersondiane@brown.biz,"Conservation officer, nature",88330
nE7nsmLCyBKuPeR9VYQdwa,Rebecca,Ross,560-739-9449x52410,382 Hess Square,xwhite@gibson.com,Chief Executive Officer,15557
VRASTva6wnY9sA8PAqtTTh,James,Mcdowell,764.697.8065,5812 Aimee Lock,awebster@johnson.com,Chartered legal executive (England and Wales),8249
N8hU7qEF8P8YdJ2fUGbCVN,Heather,Wright,(648)432-8554,9785 Samantha Track,philiphernandez@bell.com,"Surveyor, planning and development",54878
A2DJW4za22cuEfjEzBYV4s,Matthew,Miller,9144536937,808 Jordan Fords,jason46@graham-davis.info,"Solicitor, Scotland",6970
6dxjpWJ3KWLWTU9hZX9sWv,Laura,Brown,001-296-517-8941x845,75266 Boyd Motorway Apt. 565,april83@schwartz.org,Outdoor activities/education manager,82847
KV6peiJ9eVmLwjxUxVs95Y,Philip,Vega,603.576.4037,227 Sean Bridge,housenancy@brown.biz,"Therapist, horticultural",44446
TUs9UtP4rasq7FSBfehyMs,Andrew,Davis,(230)486-6921x00031,11115 Clark Points Suite 442,mmason@parsons.com,Dietitian,35753
nyWgBec7o7BhVXD5Ej2aUo,Lori,Ramirez,(847)573-7562,673 Meyer Locks,samantha20@adams.org,Marine scientist,35382
DKfDFDyBfu9Ajm9G7obXhR,Jennifer,Murray,001-379-572-2912x044,29594 Cassandra Junctions Apt. 087,olsenrussell@patrick-sanchez.com,Firefighter,93854
UreVCcDcrPh7brJ3gfcrTG,Angela,Garcia,+1-553-215-8808,90155 Davenport Cove Suite 721,carolyn01@long.biz,"Engineer, energy",49132
A8ngc42JGR4A8d7oN4f9oi,Emily,Baker,2555114314,7558 Michael Gardens,michael40@evans-li.com,"Surveyor, commercial/residential",24033
D2GjVpSFyHABcLvpCcnaWQ,Johnny,Farmer,272-499-5631,19229 Woods Skyway,coffeyamanda@peterson-franklin.com,"Teacher, music",35723
